{"cameraMode":{"drawMode":0,"name":"Shaded","section":"Shading Mode"},"sceneLighting":false,"audioPlay":false,"sceneViewState":{"m_AlwaysRefresh":false,"showFog":true,"showSkybox":false,"showFlares":true,"showImageEffects":true,"showParticleSystems":true,"showVisualEffectGraphs":true,"m_FxEnabled":true},"in2DMode":false,"pivot":{"x":12.156652450561524,"y":-0.5056980848312378,"z":-13.019123077392579},"rotation":{"x":-0.15861313045024873,"y":0.004683785140514374,"z":-0.0010156939970329404,"w":-0.9872026443481445},"size":1.3772549629211426,"orthographic":false}