{"cameraMode":{"drawMode":0,"name":"Shaded","section":"Shading Mode"},"sceneLighting":false,"audioPlay":false,"sceneViewState":{"m_AlwaysRefresh":false,"showFog":true,"showSkybox":false,"showFlares":true,"showImageEffects":true,"showParticleSystems":true,"showVisualEffectGraphs":true,"m_FxEnabled":true},"in2DMode":false,"pivot":{"x":-6.503873825073242,"y":-0.9216424226760864,"z":-4.656628608703613},"rotation":{"x":-0.2525012195110321,"y":-0.008467049337923527,"z":0.0020649537909775974,"w":-0.9674157500267029},"size":0.633914589881897,"orthographic":false}