{"cameraMode":{"drawMode":0,"name":"Shaded","section":"Shading Mode"},"sceneLighting":false,"audioPlay":false,"sceneViewState":{"m_AlwaysRefresh":false,"showFog":true,"showSkybox":false,"showFlares":true,"showImageEffects":true,"showParticleSystems":true,"showVisualEffectGraphs":true,"m_FxEnabled":true},"in2DMode":false,"pivot":{"x":0.0070705413818359379,"y":2.7790191173553469,"z":-0.00759124755859375},"rotation":{"x":0.17459745705127717,"y":-0.05725701153278351,"z":0.010177037678658963,"w":0.9828559756278992},"size":21.22202491760254,"orthographic":false}