{"cameraMode":{"drawMode":0,"name":"Shaded","section":"Shading Mode"},"sceneLighting":true,"audioPlay":false,"sceneViewState":{"m_AlwaysRefresh":false,"showFog":true,"showSkybox":true,"showFlares":true,"showImageEffects":true,"showParticleSystems":true,"showVisualEffectGraphs":true,"m_FxEnabled":true},"in2DMode":false,"pivot":{"x":0.39144080877304079,"y":0.19438934326171876,"z":3.5335044860839845},"rotation":{"x":-0.0006010057986713946,"y":0.8651700615882874,"z":-0.5014814734458923,"w":-0.0010374992853030563},"size":5.003622055053711,"orthographic":false}