{"cameraMode":{"drawMode":0,"name":"Shaded","section":"Shading Mode"},"sceneLighting":true,"audioPlay":false,"sceneViewState":{"m_AlwaysRefresh":false,"showFog":true,"showSkybox":true,"showFlares":true,"showImageEffects":true,"showParticleSystems":true,"showVisualEffectGraphs":true,"m_FxEnabled":true},"in2DMode":false,"pivot":{"x":1.6254703998565674,"y":2.9882872104644777,"z":-5.878816604614258},"rotation":{"x":0.2509462237358093,"y":0.1491318792104721,"z":-0.03914690762758255,"w":0.9555835127830505},"size":0.8660253882408142,"orthographic":false}