{"cameraMode":{"drawMode":0,"name":"Shaded","section":"Shading Mode"},"sceneLighting":true,"audioPlay":false,"sceneViewState":{"m_AlwaysRefresh":false,"showFog":true,"showSkybox":true,"showFlares":true,"showImageEffects":true,"showParticleSystems":true,"showVisualEffectGraphs":true,"m_FxEnabled":true},"in2DMode":false,"pivot":{"x":29.742517471313478,"y":-21.782907485961915,"z":-11.640068054199219},"rotation":{"x":-0.05275517329573631,"y":0.9472444653511047,"z":-0.2230999767780304,"w":-0.22398942708969117},"size":35.05604934692383,"orthographic":false}